Q L/min, R C/W
1.496681142857143, 0.018544964719101123
4.514585632653061, 0.012999032359550562
7.44835069387755, 0.010753430337078651
10.448388408163265, 0.009464173707865169
13.655478857142857, 0.00848128426966292
17.711789224489795, 0.00775302382022472
22.425386612244896, 0.007031696179775281
