Q L/min, R C/W
1.496681142857143, 0.016114378426966294
4.514585632653061, 0.011306980898876405
7.44835069387755, 0.009352813033707866
10.448388408163265, 0.008224950786516853
13.655478857142857, 0.007376081573033708
17.711789224489795, 0.006749440449438203
22.425386612244896, 0.00613060786516854
